objectives,normalizedObjectives,gridIndex
"[23251952.0, 2513188.25, 215.0, 111318.0, 374.0, 159.0]","[0.0, 0.15063634682234125, 1.0, 0.9977404777275661, 0.875, 0.8571428571428571]","[0, 7, 50, 49, 43, 42]"
"[24351521.0, 2153413.76, 214.0, 111127.0, 373.0, 159.0]","[0.04082588989842621, 0.07864320664222264, 0.8333333333333334, 0.9360877985797289, 0.8333333333333334, 0.8571428571428571]","[2, 3, 41, 46, 41, 42]"
"[24362314.0, 2295026.8, 214.0, 110993.0, 374.0, 160.0]","[0.04122662312178347, 0.10698086738090576, 0.8333333333333334, 0.8928340865074241, 0.875, 0.9047619047619048]","[2, 5, 41, 44, 43, 45]"
"[24374570.0, 2296394.35, 214.0, 110993.0, 374.0, 160.0]","[0.04168167606215839, 0.10725452274444569, 0.8333333333333334, 0.8928340865074241, 0.875, 0.9047619047619048]","[2, 5, 41, 44, 43, 45]"
"[24421021.0, 2447690.52, 214.0, 110787.0, 373.0, 159.0]","[0.04340635492421416, 0.13752983875010535, 0.8333333333333334, 0.8263395739186572, 0.8333333333333334, 0.8571428571428571]","[2, 6, 41, 41, 41, 42]"
"[24792673.0, 2337363.96, 214.0, 110818.0, 373.0, 159.0]","[0.05720541949636006, 0.11545279960352699, 0.8333333333333334, 0.8363460296965785, 0.8333333333333334, 0.8571428571428571]","[2, 5, 41, 41, 41, 42]"
"[24823540.0, 2194925.45, 214.0, 110942.0, 372.0, 158.0]","[0.058351480128748495, 0.08694995712162339, 0.8333333333333334, 0.8763718528082634, 0.7916666666666666, 0.8095238095238095]","[2, 4, 41, 43, 39, 40]"
"[24830615.0, 2215785.12, 214.0, 110886.0, 372.0, 158.0]","[0.05861416775547439, 0.09112410839738784, 0.8333333333333334, 0.8582956746287927, 0.7916666666666666, 0.8095238095238095]","[2, 4, 41, 42, 39, 40]"
"[25078742.0, 2231014.35, 214.0, 110881.0, 372.0, 158.0]","[0.06782687344545546, 0.094171573186304, 0.8333333333333334, 0.8566817301484829, 0.7916666666666666, 0.8095238095238095]","[3, 4, 41, 42, 39, 40]"
"[25119501.0, 2239672.27, 214.0, 110880.0, 372.0, 158.0]","[0.06934021407834885, 0.09590407747872408, 0.8333333333333334, 0.856358941252421, 0.7916666666666666, 0.8095238095238095]","[3, 4, 41, 42, 39, 40]"
"[25312628.0, 2249926.72, 214.0, 110672.0, 371.0, 158.0]","[0.07651082514360566, 0.09795605747408181, 0.8333333333333334, 0.78921885087153, 0.75, 0.8095238095238095]","[3, 4, 41, 39, 37, 40]"
"[25442223.0, 2619844.43, 215.0, 111306.0, 372.0, 157.0]","[0.0813225570143537, 0.17197891982638047, 1.0, 0.9938670109748224, 0.7916666666666666, 0.7619047619047619]","[4, 8, 50, 49, 39, 38]"
"[25807079.0, 2287551.38, 213.0, 110416.0, 370.0, 157.0]","[0.09486929294887003, 0.10548498878216116, 0.6666666666666666, 0.7065848934796642, 0.7083333333333334, 0.7619047619047619]","[4, 5, 33, 35, 35, 38]"
"[26007657.0, 2568996.44, 215.0, 111318.0, 372.0, 157.0]","[0.10231655214228721, 0.16180391694625051, 1.0, 0.9977404777275661, 0.7916666666666666, 0.7619047619047619]","[5, 8, 50, 49, 39, 38]"
"[27817468.0, 1977979.98, 214.0, 110671.0, 371.0, 157.0]","[0.1695130124125937, 0.04353780293261537, 0.8333333333333334, 0.788896061975468, 0.75, 0.7619047619047619]","[8, 2, 41, 39, 37, 38]"
"[28003208.0, 2021012.98, 213.0, 110606.0, 371.0, 159.0]","[0.17640935160525345, 0.05214897711945402, 0.6666666666666666, 0.7679147837314396, 0.75, 0.8571428571428571]","[8, 2, 33, 38, 37, 42]"
"[28090923.0, 2031454.33, 212.0, 110474.0, 370.0, 158.0]","[0.1796661212417569, 0.05423835698132163, 0.5, 0.7253066494512589, 0.7083333333333334, 0.8095238095238095]","[8, 2, 25, 36, 35, 40]"
"[28311920.0, 2015604.64, 213.0, 110415.0, 370.0, 157.0]","[0.18787151734685126, 0.05106673424069475, 0.6666666666666666, 0.7062621045836023, 0.7083333333333334, 0.7619047619047619]","[9, 2, 33, 35, 35, 38]"
"[28581001.0, 2634213.99, 215.0, 111261.0, 372.0, 157.0]","[0.1978622239598591, 0.17485435923679177, 1.0, 0.9793415106520336, 0.7916666666666666, 0.7619047619047619]","[9, 8, 50, 48, 39, 38]"
"[29134612.0, 2712032.12, 215.0, 111226.0, 371.0, 156.0]","[0.21841724300146326, 0.19042625690425752, 1.0, 0.9680438992898645, 0.75, 0.7142857142857143]","[10, 9, 50, 48, 37, 35]"
"[29396261.0, 2979417.74, 213.0, 110559.0, 368.0, 154.0]","[0.22813200693718108, 0.24393180262209851, 0.6666666666666666, 0.7527437056165268, 0.625, 0.6190476190476191]","[11, 12, 33, 37, 31, 30]"
"[29999835.0, 1927634.81, 215.0, 110963.0, 372.0, 158.0]","[0.25054210186487796, 0.03346341749966848, 1.0, 0.8831504196255648, 0.7916666666666666, 0.8095238095238095]","[12, 1, 50, 44, 39, 40]"
"[30213363.0, 2712032.12, 215.0, 111044.0, 371.0, 156.0]","[0.2584701815199347, 0.19042625690425752, 1.0, 0.9092963202065849, 0.75, 0.7142857142857143]","[12, 9, 50, 45, 37, 35]"
"[30356831.0, 2760454.91, 214.0, 110750.0, 371.0, 157.0]","[0.2637970039130246, 0.20011596199808573, 0.8333333333333334, 0.8143963847643642, 0.75, 0.7619047619047619]","[13, 10, 41, 40, 37, 38]"
"[30484535.0, 2186624.53, 212.0, 110235.0, 369.0, 157.0]","[0.26853852485767526, 0.08528889077646928, 0.5, 0.6481601032924468, 0.6666666666666666, 0.7619047619047619]","[13, 4, 25, 32, 33, 38]"
"[30845240.0, 2248838.2, 212.0, 110235.0, 368.0, 156.0]","[0.28193113834151473, 0.09773823776999756, 0.5, 0.6481601032924468, 0.625, 0.7142857142857143]","[14, 4, 25, 32, 31, 35]"
"[30883983.0, 1867658.25, 215.0, 111053.0, 377.0, 162.0]","[0.2833696269241637, 0.021461730299441206, 1.0, 0.9122014202711427, 1.0, 1.0]","[14, 1, 50, 45, 50, 50]"
"[31032975.0, 2754103.33, 215.0, 111248.0, 367.0, 153.0]","[0.28890154987556216, 0.1988449708577599, 1.0, 0.9751452550032279, 0.5833333333333334, 0.5714285714285714]","[14, 9, 50, 48, 29, 28]"
"[31111196.0, 2613276.92, 212.0, 110043.0, 368.0, 156.0]","[0.29180581685084506, 0.17066471973380484, 0.5, 0.5861846352485475, 0.625, 0.7142857142857143]","[14, 8, 25, 29, 31, 35]"
"[31146172.0, 2614537.51, 212.0, 110043.0, 368.0, 156.0]","[0.29310444051619694, 0.17091697172804612, 0.5, 0.5861846352485475, 0.625, 0.7142857142857143]","[14, 8, 25, 29, 31, 35]"
"[31280703.0, 1895192.99, 215.0, 111045.0, 376.0, 161.0]","[0.2980994410972657, 0.026971605100856718, 1.0, 0.9096191091026469, 0.9583333333333334, 0.9523809523809523]","[14, 1, 50, 45, 47, 47]"
"[31292959.0, 1896560.54, 215.0, 111044.0, 376.0, 161.0]","[0.2985544940376406, 0.027245260464396598, 1.0, 0.9092963202065849, 0.9583333333333334, 0.9523809523809523]","[14, 1, 50, 45, 47, 47]"
"[31373659.0, 2253661.38, 212.0, 109981.0, 368.0, 156.0]","[0.30155080378700877, 0.09870338644925473, 0.5, 0.566171723692705, 0.625, 0.7142857142857143]","[15, 4, 25, 28, 31, 35]"
"[31634558.0, 1869245.38, 215.0, 111133.0, 376.0, 161.0]","[0.311237720977844, 0.021779325003207065, 1.0, 0.9380245319561007, 0.9583333333333334, 0.9523809523809523]","[15, 1, 50, 46, 47, 47]"
"[31920715.0, 2253661.38, 211.0, 109885.0, 368.0, 156.0]","[0.321862442278339, 0.09870338644925473, 0.3333333333333333, 0.5351839896707553, 0.625, 0.7142857142857143]","[16, 4, 16, 26, 31, 35]"
"[32373803.0, 3302405.73, 213.0, 110500.0, 367.0, 154.0]","[0.33868514353883117, 0.30856373258624, 0.6666666666666666, 0.7336991607488702, 0.5833333333333334, 0.6190476190476191]","[16, 15, 33, 36, 29, 30]"
"[32415167.0, 2291286.04, 211.0, 109629.0, 367.0, 156.0]","[0.34022094721259655, 0.10623231775733416, 0.3333333333333333, 0.4525500322788896, 0.5833333333333334, 0.7142857142857143]","[17, 5, 16, 22, 29, 35]"
"[32910866.0, 1760406.6, 215.0, 111266.0, 374.0, 159.0]","[0.35862575200134555, 0.0, 1.0, 0.9809554551323435, 0.875, 0.8571428571428571]","[17, 0, 50, 49, 43, 42]"
"[32982370.0, 1761140.59, 215.0, 111257.0, 374.0, 159.0]","[0.36128062352945983, 0.0001468760193664775, 1.0, 0.9780503550677857, 0.875, 0.8571428571428571]","[18, 0, 50, 48, 43, 42]"
"[33270743.0, 1777577.67, 215.0, 111214.0, 374.0, 159.0]","[0.37198762267883456, 0.0034360391965328517, 1.0, 0.9641704325371208, 0.875, 0.8571428571428571]","[18, 0, 50, 48, 43, 42]"
"[33292443.0, 2255353.09, 215.0, 111136.0, 371.0, 156.0]","[0.37279332183077124, 0.09904190826933737, 1.0, 0.9389928986442866, 0.75, 0.7142857142857143]","[18, 4, 50, 46, 37, 35]"
"[33335329.0, 2087779.39, 215.0, 111001.0, 371.0, 156.0]","[0.37438563583215173, 0.06550935604585668, 1.0, 0.89541639767592, 0.75, 0.7142857142857143]","[18, 3, 50, 44, 37, 35]"
"[33363947.0, 2256087.08, 215.0, 111126.0, 371.0, 156.0]","[0.3754481933588855, 0.0991887842887039, 1.0, 0.9357650096836669, 0.75, 0.7142857142857143]","[18, 4, 50, 46, 37, 35]"
"[33521426.0, 2351305.24, 214.0, 110862.0, 368.0, 154.0]","[0.3812952300753756, 0.11824253748997442, 0.8333333333333334, 0.8505487411233054, 0.625, 0.6190476190476191]","[19, 5, 41, 42, 31, 30]"
"[33534585.0, 1781092.0, 215.0, 111156.0, 374.0, 159.0]","[0.38178381049658916, 0.004139278751758686, 1.0, 0.9454486765655261, 0.875, 0.8571428571428571]","[19, 0, 50, 47, 43, 42]"
"[33548121.0, 2805074.83, 215.0, 111244.0, 365.0, 151.0]","[0.3822863885482304, 0.20904468886636834, 1.0, 0.9738540994189799, 0.5, 0.47619047619047616]","[19, 10, 50, 48, 25, 23]"
"[33571540.0, 2800169.87, 213.0, 110380.0, 367.0, 154.0]","[0.383155912439438, 0.20806317549431722, 0.6666666666666666, 0.6949644932214332, 0.5833333333333334, 0.6190476190476191]","[19, 10, 33, 34, 29, 30]"
"[33651975.0, 1781115.48, 215.0, 111143.0, 374.0, 159.0]","[0.38614238300561426, 0.0041439772475620655, 1.0, 0.9412524209167205, 0.875, 0.8571428571428571]","[19, 0, 50, 47, 43, 42]"
"[33765394.0, 2540430.08, 214.0, 110992.0, 368.0, 153.0]","[0.3903535162827343, 0.15608760848892847, 0.8333333333333334, 0.8925112976113622, 0.625, 0.5714285714285714]","[19, 7, 41, 44, 31, 28]"
"[33798038.0, 2843393.45, 215.0, 111238.0, 365.0, 151.0]","[0.39156555513599794, 0.21671248593883088, 1.0, 0.9719173660426081, 0.5, 0.47619047619047616]","[19, 10, 50, 48, 25, 23]"
"[34013440.0, 3331798.52, 213.0, 110491.0, 367.0, 154.0]","[0.3995632145242681, 0.31444541488882566, 0.6666666666666666, 0.7307940606843124, 0.5833333333333334, 0.6190476190476191]","[19, 15, 33, 36, 29, 30]"
"[34060707.0, 3049792.43, 214.0, 110700.0, 367.0, 153.0]","[0.4013181906447561, 0.2580142210901294, 0.8333333333333334, 0.7982569399612653, 0.5833333333333334, 0.5714285714285714]","[20, 12, 41, 39, 29, 28]"
"[34062993.0, 3049815.91, 214.0, 110700.0, 367.0, 153.0]","[0.4014030675231583, 0.25801891958593276, 0.8333333333333334, 0.7982569399612653, 0.5833333333333334, 0.5714285714285714]","[20, 12, 41, 39, 29, 28]"
"[34093412.0, 3348739.79, 213.0, 110490.0, 367.0, 154.0]","[0.4025324943666035, 0.31783546965879905, 0.6666666666666666, 0.7304712717882504, 0.5833333333333334, 0.6190476190476191]","[20, 15, 33, 36, 29, 30]"
"[34390263.0, 1925053.57, 215.0, 111133.0, 374.0, 159.0]","[0.4135542731201312, 0.03294689512711636, 1.0, 0.9380245319561007, 0.875, 0.8571428571428571]","[20, 1, 50, 46, 43, 42]"
"[34442699.0, 2256087.08, 215.0, 110944.0, 370.0, 156.0]","[0.41550116900635015, 0.0991887842887039, 1.0, 0.8770174306003874, 0.7083333333333334, 0.7142857142857143]","[20, 4, 50, 43, 35, 35]"
"[34461767.0, 1925787.56, 215.0, 111123.0, 374.0, 159.0]","[0.4162091446482455, 0.03309377114648284, 1.0, 0.9347966429954809, 0.875, 0.8571428571428571]","[20, 1, 50, 46, 43, 42]"
"[34499850.0, 2961669.78, 214.0, 111222.0, 365.0, 150.0]","[0.41762312809539776, 0.24038032410512203, 0.8333333333333334, 0.9667527437056165, 0.5, 0.42857142857142855]","[20, 12, 41, 48, 25, 21]"
"[34654893.0, 1936042.01, 215.0, 110915.0, 373.0, 159.0]","[0.4233797185845091, 0.03514575114184053, 1.0, 0.8676565526145901, 0.8333333333333334, 0.8571428571428571]","[21, 1, 50, 43, 41, 42]"
"[34874040.0, 2757764.5, 212.0, 109866.0, 367.0, 155.0]","[0.4315164260522264, 0.19957759402132338, 0.5, 0.5290510006455778, 0.5833333333333334, 0.6666666666666666]","[21, 9, 25, 26, 29, 33]"
"[34917953.0, 3002639.39, 214.0, 111047.0, 364.0, 150.0]","[0.4331468715295994, 0.24857860096420342, 0.8333333333333334, 0.9102646868947708, 0.4583333333333333, 0.42857142857142855]","[21, 12, 41, 45, 22, 21]"
"[34931598.0, 3102509.91, 213.0, 110474.0, 366.0, 152.0]","[0.43365349664149694, 0.26856332068744265, 0.6666666666666666, 0.7253066494512589, 0.5416666666666666, 0.5238095238095238]","[21, 13, 33, 36, 27, 26]"
"[34940910.0, 2580345.14, 213.0, 110636.0, 368.0, 155.0]","[0.43399924182595934, 0.16407486325476206, 0.6666666666666666, 0.7775984506132989, 0.625, 0.6666666666666666]","[21, 8, 33, 38, 31, 33]"
"[34994338.0, 2490052.16, 213.0, 110527.0, 368.0, 155.0]","[0.43598296967340966, 0.14600666957482483, 0.6666666666666666, 0.7424144609425436, 0.625, 0.6666666666666666]","[21, 7, 33, 37, 31, 33]"
"[35017378.0, 2649521.52, 215.0, 111130.0, 367.0, 152.0]","[0.43683842167620324, 0.17791749234859566, 1.0, 0.9370561652679148, 0.5833333333333334, 0.5238095238095238]","[21, 8, 50, 46, 29, 26]"
"[35177930.0, 2430572.89, 213.0, 110800.0, 369.0, 155.0]","[0.44279955578872565, 0.13410449323396997, 0.6666666666666666, 0.8305358295674629, 0.6666666666666666, 0.6666666666666666]","[22, 6, 33, 41, 33, 33]"
"[35351200.0, 2447009.97, 213.0, 110769.0, 369.0, 155.0]","[0.44923289643647063, 0.13739365641113638, 0.6666666666666666, 0.8205293737895416, 0.6666666666666666, 0.6666666666666666]","[22, 6, 33, 41, 33, 33]"
"[35642834.0, 2933237.73, 212.0, 110330.0, 363.0, 151.0]","[0.4600609732325949, 0.23469089192426304, 0.5, 0.6788250484183345, 0.4166666666666667, 0.47619047619047616]","[23, 11, 25, 33, 20, 23]"
"[35953283.0, 2745420.14, 212.0, 109585.0, 369.0, 157.0]","[0.4715876320353409, 0.19710740987926864, 0.5, 0.43834732085216266, 0.6666666666666666, 0.7619047619047619]","[23, 9, 25, 21, 33, 38]"
"[36010060.0, 2608519.8, 213.0, 110504.0, 368.0, 155.0]","[0.4736957048809403, 0.16971279007638623, 0.6666666666666666, 0.7349903163331182, 0.625, 0.6666666666666666]","[23, 8, 33, 36, 31, 33]"
"[36382449.0, 2665886.48, 213.0, 110627.0, 368.0, 154.0]","[0.4875221335210575, 0.18119222385977654, 0.6666666666666666, 0.7746933505487411, 0.625, 0.6190476190476191]","[24, 9, 33, 38, 31, 30]"
"[36459560.0, 2154988.8, 214.0, 110903.0, 365.0, 151.0]","[0.4903851873139141, 0.07895838206088364, 0.8333333333333334, 0.8637830858618464, 0.5, 0.47619047619047616]","[24, 3, 41, 43, 25, 23]"
"[36470164.0, 2676327.83, 213.0, 110495.0, 367.0, 154.0]","[0.49077890315756095, 0.18328160372164415, 0.6666666666666666, 0.7320852162685604, 0.5833333333333334, 0.6190476190476191]","[24, 9, 33, 36, 29, 30]"
"[36521099.0, 2596238.27, 214.0, 110992.0, 365.0, 151.0]","[0.49267006842502153, 0.16725517861283773, 0.8333333333333334, 0.8925112976113622, 0.5, 0.47619047619047616]","[24, 8, 41, 44, 25, 23]"
"[36848994.0, 2915211.59, 215.0, 110851.0, 368.0, 154.0]","[0.5048444796427299, 0.23108374783818164, 1.0, 0.8469980632666236, 0.625, 0.6190476190476191]","[25, 11, 50, 42, 31, 30]"
"[36906165.0, 2766575.21, 213.0, 110397.0, 368.0, 155.0]","[0.5069671813116411, 0.2013406725545356, 0.6666666666666666, 0.7004519044544868, 0.625, 0.6666666666666666]","[25, 10, 33, 35, 31, 33]"
"[37171976.0, 2794604.16, 213.0, 110479.0, 367.0, 154.0]","[0.5168364761169608, 0.20694944188793538, 0.6666666666666666, 0.7269205939315687, 0.5833333333333334, 0.6190476190476191]","[25, 10, 33, 36, 29, 30]"
"[37221429.0, 2634088.52, 212.0, 109587.0, 371.0, 159.0]","[0.5186726162165333, 0.17482925189997528, 0.5, 0.43899289864428664, 0.75, 0.8571428571428571]","[25, 8, 25, 21, 37, 42]"
"[37254885.0, 3697094.3, 213.0, 111077.0, 361.0, 148.0]","[0.5199148038122565, 0.38754339995370823, 0.6666666666666666, 0.9199483537766301, 0.3333333333333333, 0.3333333333333333]","[25, 19, 33, 45, 16, 16]"
"[37353267.0, 2444500.83, 214.0, 110724.0, 369.0, 155.0]","[0.523567628418977, 0.13689156170244388, 0.8333333333333334, 0.8060038734667527, 0.6666666666666666, 0.6666666666666666]","[26, 6, 41, 40, 33, 33]"
"[37400617.0, 2804199.87, 212.0, 110142.0, 367.0, 155.0]","[0.5253256862458986, 0.20886960386261502, 0.5, 0.618140735958683, 0.5833333333333334, 0.6666666666666666]","[26, 10, 25, 30, 29, 33]"
"[37401123.0, 2926290.29, 214.0, 110732.0, 365.0, 151.0]","[0.5253444735164461, 0.2333006654470802, 0.8333333333333334, 0.8085861846352486, 0.5, 0.47619047619047616]","[26, 11, 41, 40, 25, 23]"
"[37619522.0, 2309900.15, 215.0, 110889.0, 370.0, 156.0]","[0.5334534084972671, 0.1099571183416061, 1.0, 0.8592640413169786, 0.7083333333333334, 0.7142857142857143]","[26, 5, 50, 42, 35, 35]"
"[37660281.0, 2318558.07, 215.0, 110889.0, 370.0, 156.0]","[0.5349667491301605, 0.11168962263402618, 1.0, 0.8592640413169786, 0.7083333333333334, 0.7142857142857143]","[26, 5, 50, 42, 35, 35]"
"[37711008.0, 2706171.96, 214.0, 110859.0, 362.0, 148.0]","[0.5368501915670403, 0.18925360199935326, 0.8333333333333334, 0.8495803744351195, 0.375, 0.3333333333333333]","[26, 9, 41, 42, 18, 16]"
"[37721874.0, 2142872.47, 214.0, 110805.0, 370.0, 156.0]","[0.5372536352068995, 0.07653382815724653, 0.8333333333333334, 0.8321497740477728, 0.7083333333333334, 0.7142857142857143]","[26, 3, 41, 41, 35, 35]"
"[37756578.0, 2823076.69, 212.0, 110135.0, 366.0, 154.0]","[0.5385421597861073, 0.21264697437161043, 0.5, 0.6158812136862492, 0.5416666666666666, 0.6190476190476191]","[26, 10, 25, 30, 27, 30]"
"[37801846.0, 2159813.74, 214.0, 110803.0, 370.0, 156.0]","[0.5402229150492349, 0.07992388292721991, 0.8333333333333334, 0.8315041962556488, 0.7083333333333334, 0.7142857142857143]","[27, 3, 41, 41, 35, 35]"
"[37905933.0, 2823076.69, 212.0, 110120.0, 366.0, 154.0]","[0.544087560562029, 0.21264697437161043, 0.5, 0.6110393802453196, 0.5416666666666666, 0.6190476190476191]","[27, 10, 25, 30, 27, 30]"
"[37940909.0, 2824337.28, 212.0, 110120.0, 366.0, 154.0]","[0.5453861842273809, 0.2128992263658517, 0.5, 0.6110393802453196, 0.5416666666666666, 0.6190476190476191]","[27, 10, 25, 30, 27, 30]"
"[37954734.0, 3004108.42, 214.0, 110696.0, 364.0, 150.0]","[0.5458994925580503, 0.24887256311454595, 0.8333333333333334, 0.7969657843770175, 0.4583333333333333, 0.42857142857142855]","[27, 12, 41, 39, 22, 21]"
"[38018161.0, 2184932.22, 214.0, 110772.0, 370.0, 156.0]","[0.5482544732082755, 0.0849502488926098, 0.8333333333333334, 0.8214977404777276, 0.7083333333333334, 0.7142857142857143]","[27, 4, 41, 41, 35, 35]"
"[38020881.0, 2841278.55, 212.0, 110119.0, 366.0, 154.0]","[0.5483554640697164, 0.21628928113582507, 0.5, 0.6107165913492576, 0.5416666666666666, 0.6190476190476191]","[27, 10, 25, 30, 27, 30]"
"[38041421.0, 3184662.89, 213.0, 110410.0, 362.0, 149.0]","[0.549118093589568, 0.28500264912719525, 0.6666666666666666, 0.7046481601032925, 0.375, 0.38095238095238093]","[27, 14, 33, 35, 18, 19]"
"[38041513.0, 2322095.88, 214.0, 110818.0, 370.0, 155.0]","[0.5491215094569402, 0.1123975606850554, 0.8333333333333334, 0.8363460296965785, 0.7083333333333334, 0.6666666666666666]","[27, 5, 41, 41, 35, 33]"
"[38080001.0, 3263586.46, 212.0, 110203.0, 366.0, 153.0]","[0.550550530146329, 0.3007957522972543, 0.5, 0.6378308586184636, 0.5416666666666666, 0.5714285714285714]","[27, 15, 25, 31, 27, 28]"
"[38150125.0, 3742105.52, 213.0, 110880.0, 360.0, 147.0]","[0.5531541636638594, 0.39655042841517074, 0.6666666666666666, 0.856358941252421, 0.2916666666666667, 0.2857142857142857]","[27, 19, 33, 42, 14, 14]"
"[38374122.0, 2203809.04, 214.0, 110765.0, 370.0, 155.0]","[0.5614709467484841, 0.08872761940160519, 0.8333333333333334, 0.8192382182052937, 0.7083333333333334, 0.6666666666666666]","[28, 4, 41, 40, 35, 33]"
"[38375345.0, 2309470.59, 214.0, 110687.0, 369.0, 155.0]","[0.5615163555071393, 0.10987116068158474, 0.8333333333333334, 0.7940606843124597, 0.6666666666666666, 0.6666666666666666]","[28, 5, 41, 39, 33, 33]"
"[38386378.0, 2205176.59, 214.0, 110765.0, 370.0, 155.0]","[0.561925999688859, 0.08900127476514501, 0.8333333333333334, 0.8192382182052937, 0.7083333333333334, 0.6666666666666666]","[28, 4, 41, 40, 35, 33]"
"[38494393.0, 2336963.84, 213.0, 110614.0, 368.0, 155.0]","[0.5659364878868516, 0.11537273307282639, 0.6666666666666666, 0.7704970948999355, 0.625, 0.6666666666666666]","[28, 5, 33, 38, 31, 33]"
"[38513636.0, 3451754.31, 212.0, 110224.0, 362.0, 150.0]","[0.5666509611025529, 0.3384493235730875, 0.5, 0.644609425435765, 0.375, 0.42857142857142855]","[28, 16, 25, 32, 18, 21]"
"[38720737.0, 3668104.85, 214.0, 111271.0, 362.0, 148.0]","[0.5743404127184624, 0.3817424285240926, 0.8333333333333334, 0.9825693996126533, 0.375, 0.3333333333333333]","[28, 19, 41, 49, 18, 16]"
"[38741017.0, 2789035.34, 211.0, 109578.0, 368.0, 157.0]","[0.575093388700088, 0.20583508595097647, 0.3333333333333333, 0.43608779857972885, 0.625, 0.7619047619047619]","[28, 10, 16, 21, 31, 38]"
"[38758392.0, 2358299.68, 214.0, 110788.0, 366.0, 152.0]","[0.5757385049565349, 0.11964216896301584, 0.8333333333333334, 0.8266623628147192, 0.5416666666666666, 0.5238095238095238]","[28, 5, 41, 41, 27, 26]"
"[38792473.0, 2666646.61, 213.0, 110560.0, 367.0, 154.0]","[0.5770038981729936, 0.1813443306576907, 0.6666666666666666, 0.7530664945125888, 0.5833333333333334, 0.6190476190476191]","[28, 9, 33, 37, 29, 30]"
"[38861065.0, 2663481.31, 212.0, 109578.0, 371.0, 158.0]","[0.579550650072977, 0.18071093420256096, 0.5, 0.43608779857972885, 0.75, 0.8095238095238095]","[28, 9, 25, 21, 37, 40]"
"[38869797.0, 2347095.25, 214.0, 110432.0, 368.0, 154.0]","[0.5798748604413969, 0.11740009198966418, 0.8333333333333334, 0.7117495158166559, 0.625, 0.6190476190476191]","[28, 5, 41, 35, 31, 30]"
"[38987152.0, 2688501.39, 213.0, 110491.0, 367.0, 154.0]","[0.5842321334356608, 0.18571760970853635, 0.6666666666666666, 0.7307940606843124, 0.5833333333333334, 0.6190476190476191]","[29, 9, 33, 36, 29, 30]"
"[39033485.0, 3004108.42, 213.0, 110514.0, 364.0, 150.0]","[0.5859524310765217, 0.24887256311454595, 0.6666666666666666, 0.7382182052937379, 0.4583333333333333, 0.42857142857142855]","[29, 12, 33, 36, 22, 21]"
"[39047904.0, 3943976.74, 212.0, 110546.0, 359.0, 146.0]","[0.5864877940291381, 0.4369461302888405, 0.5, 0.7485474499677212, 0.25, 0.23809523809523808]","[29, 21, 25, 37, 12, 11]"
"[39052917.0, 4150241.5, 212.0, 110063.0, 361.0, 150.0]","[0.5866739216719334, 0.47822100717324245, 0.5, 0.592640413169787, 0.3333333333333333, 0.42857142857142855]","[29, 23, 25, 29, 16, 21]"
"[39054345.0, 2698306.93, 213.0, 110484.0, 367.0, 154.0]","[0.58672694187419, 0.1876797599870671, 0.6666666666666666, 0.7285345384118787, 0.5833333333333334, 0.6190476190476191]","[29, 9, 33, 36, 29, 30]"
"[39062923.0, 2357349.7, 213.0, 110224.0, 368.0, 154.0]","[0.5870454343776605, 0.1194520719850219, 0.6666666666666666, 0.644609425435765, 0.625, 0.6190476190476191]","[29, 5, 33, 32, 31, 30]"
"[39142895.0, 2374290.97, 213.0, 110223.0, 368.0, 154.0]","[0.590014714219996, 0.12284212675499528, 0.6666666666666666, 0.6442866365397031, 0.625, 0.6190476190476191]","[29, 6, 33, 32, 31, 30]"
"[39249286.0, 2654654.05, 213.0, 110467.0, 367.0, 154.0]","[0.5939649049330694, 0.1789445439101687, 0.6666666666666666, 0.723047127178825, 0.5833333333333334, 0.6190476190476191]","[29, 8, 33, 36, 29, 30]"
"[39285479.0, 2681968.17, 214.0, 110748.0, 367.0, 153.0]","[0.5953087145831175, 0.18441027126081158, 0.8333333333333334, 0.8137508069722401, 0.5833333333333334, 0.5714285714285714]","[29, 9, 41, 40, 29, 28]"
"[39454380.0, 4221113.09, 212.0, 110061.0, 361.0, 149.0]","[0.601579838659673, 0.4924028584591907, 0.5, 0.591994835377663, 0.3333333333333333, 0.38095238095238093]","[30, 24, 25, 29, 16, 19]"
"[39533725.0, 4223408.96, 211.0, 109612.0, 360.0, 149.0]","[0.6045258386232867, 0.49286227649837777, 0.3333333333333333, 0.44706262104583605, 0.2916666666666667, 0.38095238095238093]","[30, 24, 16, 22, 14, 19]"
"[39593626.0, 3396794.12, 213.0, 110322.0, 365.0, 153.0]","[0.6067499024435704, 0.32745144358722206, 0.6666666666666666, 0.6762427372498386, 0.5, 0.5714285714285714]","[30, 16, 33, 33, 25, 28]"
"[39616620.0, 3731337.0, 214.0, 111260.0, 361.0, 147.0]","[0.6076036465126778, 0.39439557977681283, 0.8333333333333334, 0.9790187217559716, 0.3333333333333333, 0.2857142857142857]","[30, 19, 41, 48, 16, 14]"
"[39667260.0, 2880039.47, 210.0, 109142.0, 367.0, 156.0]","[0.6094838587271513, 0.2240455852225056, 0.16666666666666666, 0.29535183989670755, 0.5833333333333334, 0.7142857142857143]","[30, 11, 8, 14, 29, 35]"
"[39678278.0, 3377176.15, 212.0, 109748.0, 367.0, 154.0]","[0.6098929459739734, 0.3235257642977889, 0.5, 0.4909619109102647, 0.5833333333333334, 0.6190476190476191]","[30, 16, 25, 24, 29, 30]"
"[39701521.0, 2927774.6, 213.0, 109782.0, 368.0, 155.0]","[0.6107559351623818, 0.2335976852216083, 0.6666666666666666, 0.5019367333763719, 0.625, 0.6666666666666666]","[30, 11, 33, 25, 31, 33]"
"[39718047.0, 2689961.7, 214.0, 110957.0, 363.0, 149.0]","[0.6113695289036217, 0.1860098269319877, 0.8333333333333334, 0.881213686249193, 0.4166666666666667, 0.38095238095238093]","[30, 9, 41, 44, 20, 19]"
"[39780866.0, 2930070.47, 212.0, 109333.0, 367.0, 155.0]","[0.6137019351259954, 0.23405710326079537, 0.5, 0.3570045190445449, 0.5833333333333334, 0.6666666666666666]","[30, 11, 25, 17, 29, 33]"
"[39839595.0, 2871412.73, 212.0, 109943.0, 368.0, 156.0]","[0.615882483766276, 0.22231932024435927, 0.5, 0.55390574564235, 0.625, 0.7142857142857143]","[30, 11, 25, 27, 31, 35]"
"[39858958.0, 2477388.49, 214.0, 110774.0, 367.0, 152.0]","[0.6166014124611584, 0.14347258949175737, 0.8333333333333334, 0.8221433182698515, 0.5833333333333334, 0.5238095238095238]","[30, 7, 41, 41, 29, 26]"
"[40118330.0, 2533790.95, 214.0, 110714.0, 367.0, 153.0]","[0.6262316336794127, 0.15475907678351483, 0.8333333333333334, 0.802775984506133, 0.5833333333333334, 0.5714285714285714]","[31, 7, 41, 40, 29, 28]"
"[40136151.0, 2730931.31, 214.0, 110782.0, 362.0, 148.0]","[0.6268933094668165, 0.194208103791069, 0.8333333333333334, 0.8247256294383474, 0.375, 0.3333333333333333]","[31, 9, 41, 41, 18, 16]"
"[40140682.0, 3396794.12, 212.0, 110225.0, 365.0, 153.0]","[0.6270615409349006, 0.32745144358722206, 0.5, 0.644932214331827, 0.5, 0.5714285714285714]","[31, 16, 25, 32, 25, 28]"
"[40155826.0, 3396794.12, 212.0, 110218.0, 365.0, 153.0]","[0.6276238224075702, 0.32745144358722206, 0.5, 0.6426726920593931, 0.5, 0.5714285714285714]","[31, 16, 25, 32, 25, 28]"
"[40208658.0, 3788836.83, 213.0, 111054.0, 360.0, 147.0]","[0.6295854213750871, 0.4059016577133642, 0.6666666666666666, 0.9125242091672047, 0.2916666666666667, 0.2857142857142857]","[31, 20, 33, 45, 14, 14]"
"[40227594.0, 3390871.02, 212.0, 110184.0, 365.0, 153.0]","[0.6302884959898831, 0.3262661939921191, 0.5, 0.631697869593286, 0.5, 0.5714285714285714]","[31, 16, 25, 31, 25, 28]"
"[40268723.0, 2268584.53, 214.0, 110828.0, 369.0, 155.0]","[0.6318155743502519, 0.1016896027034392, 0.8333333333333334, 0.8395739186571982, 0.6666666666666666, 0.6666666666666666]","[31, 5, 41, 41, 33, 33]"
"[40270299.0, 3582282.05, 213.0, 111091.0, 363.0, 150.0]","[0.6318740896434986, 0.36456874600132594, 0.6666666666666666, 0.9244673983214977, 0.4166666666666667, 0.42857142857142855]","[31, 18, 33, 46, 20, 21]"
"[40275318.0, 2967695.13, 212.0, 109078.0, 366.0, 155.0]","[0.632060440060253, 0.2415860345688747, 0.5, 0.2746933505487411, 0.5416666666666666, 0.6666666666666666]","[31, 12, 25, 13, 27, 33]"
"[40294787.0, 3400676.56, 212.0, 110176.0, 365.0, 153.0]","[0.6327833044284121, 0.32822834427064984, 0.5, 0.6291155584247902, 0.5, 0.5714285714285714]","[31, 16, 25, 31, 25, 28]"
"[40318383.0, 3586168.25, 213.0, 111091.0, 363.0, 150.0]","[0.6336594001514121, 0.3653463990844225, 0.6666666666666666, 0.9244673983214977, 0.4166666666666667, 0.42857142857142855]","[31, 18, 33, 46, 20, 21]"
"[40334961.0, 3163092.16, 211.0, 109315.0, 367.0, 156.0]","[0.6342749246002971, 0.2806862102694055, 0.3333333333333333, 0.3511943189154293, 0.5833333333333334, 0.7142857142857143]","[31, 14, 16, 17, 29, 35]"
"[40376424.0, 3056786.87, 213.0, 110444.0, 365.0, 151.0]","[0.6358144040443869, 0.2594138525631708, 0.6666666666666666, 0.7156229825693996, 0.5, 0.47619047619047616]","[31, 12, 33, 35, 25, 23]"
"[40417427.0, 2608160.35, 213.0, 110272.0, 366.0, 152.0]","[0.6373368041516155, 0.16964086186869778, 0.6666666666666666, 0.6601032924467398, 0.5416666666666666, 0.5238095238095238]","[31, 8, 33, 33, 27, 26]"
"[40560770.0, 2595664.82, 214.0, 110758.0, 366.0, 152.0]","[0.6426589854205582, 0.1671404276580485, 0.8333333333333334, 0.8169786959328599, 0.5416666666666666, 0.5238095238095238]","[32, 8, 41, 40, 27, 26]"
"[40581790.0, 3400676.56, 212.0, 110099.0, 365.0, 153.0]","[0.6434394368571347, 0.32822834427064984, 0.5, 0.6042608134280181, 0.5, 0.5714285714285714]","[32, 16, 25, 30, 25, 28]"
"[40591376.0, 2969967.38, 212.0, 110175.0, 366.0, 154.0]","[0.6437953553857275, 0.24204072609737712, 0.5, 0.6287927695287282, 0.5416666666666666, 0.6190476190476191]","[32, 12, 25, 31, 27, 30]"
"[40683438.0, 3521672.93, 211.0, 109554.0, 367.0, 156.0]","[0.6472135247555706, 0.3524404795632202, 0.3333333333333333, 0.42834086507424146, 0.5833333333333334, 0.7142857142857143]","[32, 17, 16, 21, 29, 35]"
"[40684245.0, 3401617.3, 212.0, 109964.0, 365.0, 153.0]","[0.6472434878530643, 0.32841659226647923, 0.5, 0.5606843124596513, 0.5, 0.5714285714285714]","[32, 16, 25, 28, 25, 28]"
"[40779465.0, 3342101.17, 214.0, 110775.0, 363.0, 149.0]","[0.6507789105833596, 0.3165070400075957, 0.8333333333333334, 0.8224661071659135, 0.4166666666666667, 0.38095238095238093]","[32, 15, 41, 41, 20, 19]"
"[40802406.0, 3921295.53, 213.0, 110847.0, 360.0, 147.0]","[0.6516306868158287, 0.4324074773927312, 0.6666666666666666, 0.8457069076823758, 0.2916666666666667, 0.2857142857142857]","[32, 21, 33, 42, 14, 14]"
"[40894750.0, 2851563.63, 210.0, 108513.0, 364.0, 154.0]","[0.6550593265617476, 0.21834739038699444, 0.16666666666666666, 0.09231762427372499, 0.4583333333333333, 0.6190476190476191]","[32, 10, 8, 4, 22, 30]"
"[40929000.0, 2851563.63, 210.0, 108511.0, 364.0, 154.0]","[0.6563309945780531, 0.21834739038699444, 0.16666666666666666, 0.09167204648160103, 0.4583333333333333, 0.6190476190476191]","[32, 10, 8, 4, 22, 30]"
"[41044627.0, 3485957.88, 212.0, 109950.0, 364.0, 152.0]","[0.6606241086721075, 0.34529367323687404, 0.5, 0.5561652679147837, 0.4583333333333333, 0.5238095238095238]","[33, 17, 25, 27, 22, 26]"
"[41148098.0, 2412854.91, 214.0, 110347.0, 368.0, 154.0]","[0.6644658827251048, 0.13055901390371358, 0.8333333333333334, 0.684312459651388, 0.625, 0.6190476190476191]","[33, 6, 41, 34, 31, 30]"
"[41255884.0, 3166695.01, 214.0, 110637.0, 363.0, 149.0]","[0.6684678683836598, 0.2814071632338525, 0.8333333333333334, 0.7779212395093609, 0.4166666666666667, 0.38095238095238093]","[33, 14, 41, 38, 20, 19]"
"[41323964.0, 2648545.72, 214.0, 110608.0, 364.0, 150.0]","[0.6709956102391367, 0.1777222286260684, 0.8333333333333334, 0.7685603615235636, 0.4583333333333333, 0.42857142857142855]","[33, 8, 41, 38, 22, 21]"
"[41391407.0, 3111941.89, 212.0, 110142.0, 366.0, 154.0]","[0.67349970092596, 0.2704507192584644, 0.5, 0.618140735958683, 0.5416666666666666, 0.6190476190476191]","[33, 13, 25, 30, 27, 30]"
"[41396225.0, 2428084.14, 214.0, 110342.0, 368.0, 154.0]","[0.6736785884150858, 0.13360647869262973, 0.8333333333333334, 0.6826985151710782, 0.625, 0.6190476190476191]","[33, 6, 41, 34, 31, 30]"
"[41450051.0, 3024669.18, 213.0, 110265.0, 365.0, 152.0]","[0.6756770936018205, 0.252986900617713, 0.6666666666666666, 0.657843770174306, 0.5, 0.5238095238095238]","[33, 12, 33, 32, 25, 26]"
"[41614096.0, 3991518.58, 213.0, 110847.0, 359.0, 146.0]","[0.6817679192875095, 0.44645955174220914, 0.6666666666666666, 0.8457069076823758, 0.25, 0.23809523809523808]","[34, 22, 33, 42, 12, 11]"
"[41629241.0, 3991518.58, 213.0, 110839.0, 359.0, 146.0]","[0.6823302378891721, 0.44645955174220914, 0.6666666666666666, 0.8431245965138799, 0.25, 0.23809523809523808]","[34, 22, 33, 42, 12, 11]"
"[41634455.0, 3608162.55, 212.0, 109500.0, 365.0, 154.0]","[0.682523828459596, 0.36974759696552734, 0.5, 0.4109102646868948, 0.5, 0.6190476190476191]","[34, 18, 25, 20, 25, 30]"
"[41684669.0, 2710759.39, 214.0, 110608.0, 364.0, 150.0]","[0.6843882237229761, 0.19017157561959658, 0.8333333333333334, 0.7685603615235636, 0.4583333333333333, 0.42857142857142855]","[34, 9, 41, 38, 22, 21]"
"[41724035.0, 3398943.1, 213.0, 110389.0, 363.0, 150.0]","[0.6858498436683742, 0.3278814680127567, 0.6666666666666666, 0.697869593285991, 0.4166666666666667, 0.42857142857142855]","[34, 16, 33, 34, 20, 21]"
"[41800033.0, 3736094.33, 212.0, 109371.0, 364.0, 152.0]","[0.688671572891825, 0.39534755145655337, 0.5, 0.36927049709489995, 0.4583333333333333, 0.5238095238095238]","[34, 19, 25, 18, 22, 26]"
"[41841731.0, 6215084.64, 213.0, 110954.0, 360.0, 146.0]","[0.6902197776493114, 0.8914091173918857, 0.6666666666666666, 0.8802453195610072, 0.2916666666666667, 0.23809523809523808]","[34, 44, 33, 44, 14, 11]"
"[41915047.0, 3630388.69, 211.0, 109112.0, 365.0, 154.0]","[0.6929419269130621, 0.3741951874900332, 0.3333333333333333, 0.2856681730148483, 0.5, 0.6190476190476191]","[34, 18, 16, 14, 25, 30]"
"[42103912.0, 2573914.25, 214.0, 110746.0, 366.0, 151.0]","[0.6999542942093994, 0.16278800168419064, 0.8333333333333334, 0.8131052291801162, 0.5416666666666666, 0.47619047619047616]","[34, 8, 41, 40, 27, 23]"
"[42181279.0, 3247453.18, 214.0, 110613.0, 362.0, 148.0]","[0.7028268530245092, 0.2975673814124673, 0.8333333333333334, 0.7701743060038735, 0.375, 0.3333333333333333]","[35, 14, 41, 38, 18, 16]"
"[42256104.0, 2968909.16, 213.0, 110251.0, 367.0, 154.0]","[0.7056050299389637, 0.24182896961402728, 0.6666666666666666, 0.6533247256294383, 0.5833333333333334, 0.6190476190476191]","[35, 12, 33, 32, 29, 30]"
"[42319095.0, 3589275.56, 212.0, 109903.0, 366.0, 154.0]","[0.7079438223481638, 0.3659681913755132, 0.5, 0.5409941897998709, 0.5416666666666666, 0.6190476190476191]","[35, 18, 25, 27, 27, 30]"
"[42406466.0, 3322754.84, 213.0, 110605.0, 363.0, 150.0]","[0.7111878196110144, 0.3126357175920992, 0.6666666666666666, 0.7675919948353777, 0.4166666666666667, 0.42857142857142855]","[35, 15, 33, 38, 20, 21]"
"[42451477.0, 3156199.1, 213.0, 110418.0, 363.0, 150.0]","[0.7128590327228955, 0.27930686557253726, 0.6666666666666666, 0.7072304712717883, 0.4166666666666667, 0.42857142857142855]","[35, 13, 33, 35, 20, 21]"
"[42497039.0, 6219517.95, 213.0, 110913.0, 359.0, 146.0]","[0.7145507039100172, 0.8922962506299648, 0.6666666666666666, 0.8670109748224661, 0.25, 0.23809523809523808]","[35, 44, 33, 43, 12, 11]"
"[42521708.0, 3655036.35, 212.0, 109928.0, 364.0, 152.0]","[0.7154666390426957, 0.37912733940967575, 0.5, 0.5490639122014203, 0.4583333333333333, 0.5238095238095238]","[35, 18, 25, 27, 22, 26]"
"[42604014.0, 3323378.59, 210.0, 109412.0, 364.0, 154.0]","[0.7185225779551059, 0.31276053389352, 0.16666666666666666, 0.3825048418334409, 0.4583333333333333, 0.6190476190476191]","[35, 15, 8, 19, 22, 30]"
"[42632558.0, 2795183.05, 214.0, 110542.0, 364.0, 150.0]","[0.7195823879363445, 0.20706528142096856, 0.8333333333333334, 0.7472562943834732, 0.4583333333333333, 0.42857142857142855]","[35, 10, 41, 37, 22, 21]"
"[42735958.0, 6259879.34, 213.0, 110843.0, 359.0, 146.0]","[0.7234215258308262, 0.9003728188383846, 0.6666666666666666, 0.8444157520981278, 0.25, 0.23809523809523808]","[36, 45, 33, 42, 12, 11]"
"[42748568.0, 3219321.93, 211.0, 109798.0, 365.0, 154.0]","[0.7238897224347857, 0.2919381412051031, 0.3333333333333333, 0.5071013557133635, 0.5, 0.6190476190476191]","[36, 14, 16, 25, 25, 30]"
"[42751102.0, 6259879.34, 213.0, 110836.0, 359.0, 146.0]","[0.7239838073034958, 0.9003728188383846, 0.6666666666666666, 0.842156229825694, 0.25, 0.23809523809523808]","[36, 45, 33, 42, 12, 11]"
"[42830528.0, 3023475.09, 212.0, 109994.0, 366.0, 153.0]","[0.7269328147155566, 0.25274795569208, 0.5, 0.5703679793415106, 0.5416666666666666, 0.5714285714285714]","[36, 12, 25, 28, 27, 28]"
"[42844280.0, 2451638.29, 214.0, 110745.0, 361.0, 147.0]","[0.727443412629724, 0.1383198123777766, 0.8333333333333334, 0.8127824402840542, 0.3333333333333333, 0.2857142857142857]","[36, 6, 41, 40, 16, 14]"
"[42865568.0, 6264943.54, 213.0, 110833.0, 359.0, 146.0]","[0.7282338146364719, 0.9013861971368295, 0.6666666666666666, 0.841187863137508, 0.25, 0.23809523809523808]","[36, 45, 33, 42, 12, 11]"
"[42918311.0, 2866661.25, 214.0, 111093.0, 365.0, 152.0]","[0.7301921091235961, 0.2213685191864437, 0.8333333333333334, 0.9251129761136216, 0.5, 0.5238095238095238]","[36, 11, 41, 46, 25, 26]"
"[43031749.0, 3595947.72, 212.0, 109762.0, 366.0, 153.0]","[0.7344039478515865, 0.3673033325918462, 0.5, 0.4954809554551323, 0.5416666666666666, 0.5714285714285714]","[36, 18, 25, 24, 27, 28]"
"[43033073.0, 3291053.71, 213.0, 111017.0, 362.0, 149.0]","[0.7344531066385526, 0.3062921219248295, 0.6666666666666666, 0.9005810200129115, 0.375, 0.38095238095238093]","[36, 15, 33, 45, 18, 19]"
"[43088303.0, 4880368.07, 213.0, 110539.0, 360.0, 147.0]","[0.7365037409317076, 0.6243239298769594, 0.6666666666666666, 0.7462879276952873, 0.2916666666666667, 0.2857142857142857]","[36, 31, 33, 37, 14, 14]"
"[43113045.0, 3307994.98, 213.0, 111015.0, 362.0, 149.0]","[0.737422386480888, 0.3096821766948029, 0.6666666666666666, 0.8999354422207876, 0.375, 0.38095238095238093]","[36, 15, 33, 44, 18, 19]"
"[43135209.0, 3085062.14, 213.0, 110299.0, 364.0, 151.0]","[0.7382453134856587, 0.2650719120791212, 0.6666666666666666, 0.6688185926404132, 0.4583333333333333, 0.47619047619047616]","[36, 13, 33, 33, 22, 23]"
"[43141487.0, 3146076.99, 213.0, 110435.0, 362.0, 149.0]","[0.7384784093048227, 0.27728136764424177, 0.6666666666666666, 0.7127178825048418, 0.375, 0.38095238095238093]","[36, 13, 33, 35, 18, 19]"
"[43166244.0, 3320135.96, 213.0, 110972.0, 362.0, 148.0]","[0.7393976117889008, 0.31211166321860845, 0.6666666666666666, 0.8860555196901226, 0.375, 0.3333333333333333]","[36, 15, 33, 44, 18, 16]"
"[43180622.0, 3491253.92, 211.0, 109643.0, 364.0, 153.0]","[0.739931452452797, 0.3463534441787202, 0.3333333333333333, 0.45706907682375725, 0.4583333333333333, 0.5714285714285714]","[36, 17, 16, 22, 22, 28]"
"[43206013.0, 3596888.46, 212.0, 109624.0, 365.0, 153.0]","[0.7408741947185492, 0.36749158058767556, 0.5, 0.45093608779857974, 0.5, 0.5714285714285714]","[37, 18, 25, 22, 25, 28]"
"[43211760.0, 3027012.9, 212.0, 109923.0, 365.0, 153.0]","[0.7410875750423364, 0.2534558937431092, 0.5, 0.5474499677211104, 0.5, 0.5714285714285714]","[37, 12, 25, 27, 25, 28]"
"[43261501.0, 6300275.56, 213.0, 110829.0, 359.0, 146.0]","[0.7429344082919438, 0.9084563567490542, 0.6666666666666666, 0.8398967075532602, 0.25, 0.23809523809523808]","[37, 45, 33, 41, 12, 11]"
"[43275807.0, 3626094.56, 213.0, 110390.0, 363.0, 150.0]","[0.7434655756683312, 0.3733359050460733, 0.6666666666666666, 0.6981923821820529, 0.4166666666666667, 0.42857142857142855]","[37, 18, 33, 34, 20, 21]"
"[43277996.0, 3258207.18, 211.0, 109542.0, 364.0, 153.0]","[0.7435468510343952, 0.29971932450742383, 0.3333333333333333, 0.4244673983214977, 0.4583333333333333, 0.5714285714285714]","[37, 14, 16, 21, 22, 28]"
"[43279840.0, 3137867.44, 211.0, 108749.0, 364.0, 153.0]","[0.7436153168978132, 0.2756385850112493, 0.3333333333333333, 0.1684958037443512, 0.4583333333333333, 0.5714285714285714]","[37, 13, 16, 8, 22, 28]"
"[43306966.0, 2785252.0, 214.0, 110534.0, 365.0, 152.0]","[0.7446224779667272, 0.20507801580136958, 0.8333333333333334, 0.7446739832149774, 0.5, 0.5238095238095238]","[37, 10, 41, 37, 25, 26]"
"[43320479.0, 3601952.66, 212.0, 109622.0, 365.0, 153.0]","[0.7451242020515254, 0.3685049588861207, 0.5, 0.45029051000645576, 0.5, 0.5714285714285714]","[37, 18, 25, 22, 25, 28]"
"[43350197.0, 2871094.56, 214.0, 111067.0, 365.0, 151.0]","[0.7462276014707537, 0.22225565242452272, 0.8333333333333334, 0.9167204648160103, 0.5, 0.47619047619047616]","[37, 11, 41, 45, 25, 23]"
"[43368536.0, 4265385.29, 212.0, 110527.0, 360.0, 148.0]","[0.7469085100766231, 0.5012620043666236, 0.5, 0.7424144609425436, 0.2916666666666667, 0.3333333333333333]","[37, 25, 25, 37, 14, 16]"
"[43380523.0, 3188543.12, 213.0, 110998.0, 362.0, 149.0]","[0.7473535753178334, 0.2857791075757114, 0.6666666666666666, 0.8944480309877341, 0.375, 0.38095238095238093]","[37, 14, 33, 44, 18, 19]"
"[43383561.0, 3150125.48, 214.0, 110584.0, 360.0, 146.0]","[0.7474663731991046, 0.27809149597793154, 0.8333333333333334, 0.7608134280180762, 0.2916666666666667, 0.23809523809523808]","[37, 13, 41, 38, 14, 11]"
"[43459907.0, 2872988.56, 213.0, 111018.0, 365.0, 151.0]","[0.750301023312181, 0.2226346537469932, 0.6666666666666666, 0.9009038089089735, 0.5, 0.47619047619047616]","[37, 11, 33, 45, 25, 23]"
"[43507324.0, 2816083.51, 213.0, 111006.0, 365.0, 151.0]","[0.7520615687816455, 0.21124759503250048, 0.6666666666666666, 0.8970303421562298, 0.5, 0.47619047619047616]","[37, 10, 33, 44, 25, 23]"
"[43532750.0, 3808879.27, 211.0, 109274.0, 364.0, 152.0]","[0.753005610562159, 0.4099122761217777, 0.3333333333333333, 0.33795997417688833, 0.4583333333333333, 0.5238095238095238]","[37, 20, 16, 16, 22, 26]"
"[43540841.0, 3517742.91, 213.0, 110364.0, 363.0, 150.0]","[0.7533060212459525, 0.3516540578222828, 0.6666666666666666, 0.6897998708844416, 0.4166666666666667, 0.42857142857142855]","[37, 17, 33, 34, 20, 21]"
"[43556882.0, 2823570.62, 214.0, 110528.0, 365.0, 152.0]","[0.7539016074255016, 0.21274581287383212, 0.8333333333333334, 0.7427372498386056, 0.5, 0.5238095238095238]","[37, 10, 41, 37, 25, 26]"
"[43558791.0, 6301917.69, 213.0, 110758.0, 359.0, 146.0]","[0.7539724866734762, 0.9087849572990377, 0.6666666666666666, 0.8169786959328599, 0.25, 0.23809523809523808]","[37, 45, 33, 40, 12, 11]"
"[43567522.0, 3808879.27, 211.0, 109268.0, 364.0, 152.0]","[0.7542966599129028, 0.4099122761217777, 0.3333333333333333, 0.3360232408005165, 0.4583333333333333, 0.5238095238095238]","[37, 20, 16, 16, 22, 26]"
"[43598130.0, 3324569.27, 213.0, 110946.0, 362.0, 148.0]","[0.7554331041360585, 0.3129987964566875, 0.6666666666666666, 0.8776630083925113, 0.375, 0.3333333333333333]","[37, 15, 33, 43, 18, 16]"
"[43639331.0, 3808879.27, 211.0, 109265.0, 364.0, 152.0]","[0.756962855783936, 0.4099122761217777, 0.3333333333333333, 0.33505487411233054, 0.4583333333333333, 0.5238095238095238]","[37, 20, 16, 16, 22, 26]"
"[43681824.0, 3069456.11, 213.0, 110182.0, 364.0, 151.0]","[0.758540578090998, 0.2619490472383006, 0.6666666666666666, 0.6310522918011621, 0.4583333333333333, 0.47619047619047616]","[37, 13, 33, 31, 22, 23]"
"[43682746.0, 3948174.14, 213.0, 110930.0, 359.0, 146.0]","[0.758574811022707, 0.43778605645089835, 0.6666666666666666, 0.8724983860555197, 0.25, 0.23809523809523808]","[37, 21, 33, 43, 12, 11]"
"[43687415.0, 3812765.47, 211.0, 109265.0, 364.0, 152.0]","[0.7587481662918495, 0.4106899292048743, 0.3333333333333333, 0.33505487411233054, 0.4583333333333333, 0.5238095238095238]","[37, 20, 16, 16, 22, 26]"
"[43688811.0, 3562948.15, 211.0, 109633.0, 363.0, 152.0]","[0.7587999983663243, 0.3606999109070746, 0.3333333333333333, 0.4538411878631375, 0.4166666666666667, 0.5238095238095238]","[37, 18, 16, 22, 20, 26]"
"[43693815.0, 3360961.56, 214.0, 111325.0, 362.0, 148.0]","[0.758985791848181, 0.32028112277016657, 0.8333333333333334, 1.0, 0.375, 0.3333333333333333]","[37, 16, 41, 50, 18, 16]"
"[43780996.0, 4645479.78, 213.0, 110957.0, 358.0, 146.0]","[0.762222734602328, 0.5773213044583579, 0.6666666666666666, 0.881213686249193, 0.20833333333333334, 0.23809523809523808]","[38, 28, 33, 44, 10, 11]"
"[43831585.0, 3848147.71, 214.0, 111070.0, 360.0, 147.0]","[0.7641010532381495, 0.417770138155227, 0.8333333333333334, 0.9176888315041962, 0.2916666666666667, 0.2857142857142857]","[38, 20, 41, 45, 14, 14]"
"[43846257.0, 3339798.5, 213.0, 110941.0, 362.0, 148.0]","[0.7646458098260396, 0.3160462612456036, 0.6666666666666666, 0.8760490639122014, 0.375, 0.3333333333333333]","[38, 15, 33, 43, 18, 16]"
"[43862089.0, 3179317.35, 213.0, 110233.0, 364.0, 151.0]","[0.7652336360460147, 0.28393297292375336, 0.6666666666666666, 0.6475145255003227, 0.4583333333333333, 0.47619047619047616]","[38, 14, 33, 32, 22, 23]"
"[43878011.0, 2913958.17, 213.0, 110843.0, 364.0, 151.0]","[0.7658248038753758, 0.23083293060607452, 0.6666666666666666, 0.8444157520981278, 0.4583333333333333, 0.47619047619047616]","[38, 11, 33, 42, 22, 23]"
"[43925428.0, 2857053.12, 213.0, 110832.0, 364.0, 151.0]","[0.7675853493448404, 0.21944587189158188, 0.6666666666666666, 0.8408650742414461, 0.4583333333333333, 0.47619047619047616]","[38, 10, 33, 42, 22, 23]"
"[43926937.0, 2495263.82, 214.0, 110702.0, 368.0, 154.0]","[0.7676413769955441, 0.14704955554751037, 0.8333333333333334, 0.7989025177533893, 0.625, 0.6190476190476191]","[38, 7, 41, 39, 31, 30]"
"[43930747.0, 3284052.55, 213.0, 110838.0, 362.0, 148.0]","[0.7677828384595478, 0.3048911457374866, 0.6666666666666666, 0.842801807617818, 0.375, 0.3333333333333333]","[38, 15, 33, 42, 18, 16]"
"[43959611.0, 2850597.74, 214.0, 110714.0, 361.0, 147.0]","[0.768854529718603, 0.21815410971784932, 0.8333333333333334, 0.802775984506133, 0.3333333333333333, 0.2857142857142857]","[38, 10, 41, 40, 16, 14]"
"[44006281.0, 2497559.69, 213.0, 110253.0, 367.0, 153.0]","[0.7705873398301646, 0.14750897358669746, 0.6666666666666666, 0.6539703034215623, 0.5833333333333334, 0.5714285714285714]","[38, 7, 33, 32, 29, 28]"
"[44007047.0, 3160392.42, 211.0, 108740.0, 364.0, 153.0]","[0.770615780638938, 0.28014597530091206, 0.3333333333333333, 0.16559070367979342, 0.4583333333333333, 0.5714285714285714]","[38, 14, 16, 8, 22, 28]"
"[44033698.0, 3612518.04, 211.0, 109542.0, 364.0, 153.0]","[0.7716053054360931, 0.3706191579317401, 0.3333333333333333, 0.4244673983214977, 0.4583333333333333, 0.5714285714285714]","[38, 18, 16, 21, 22, 28]"
"[44039383.0, 3350052.95, 213.0, 110734.0, 361.0, 148.0]","[0.7718163837623031, 0.31809824124096137, 0.6666666666666666, 0.8092317624273725, 0.3333333333333333, 0.3333333333333333]","[38, 15, 33, 40, 16, 16]"
"[44076142.0, 3175458.25, 211.0, 109288.0, 363.0, 152.0]","[0.7731812084224893, 0.28316074272124764, 0.3333333333333333, 0.34247901872175596, 0.4166666666666667, 0.5238095238095238]","[38, 14, 16, 17, 20, 26]"
"[44099301.0, 3078587.53, 213.0, 110424.0, 364.0, 151.0]","[0.7740410787754709, 0.2637763018613383, 0.6666666666666666, 0.7091672046481601, 0.4583333333333333, 0.47619047619047616]","[38, 13, 33, 35, 22, 23]"
"[44109812.0, 2735518.74, 214.0, 110531.0, 364.0, 150.0]","[0.7744313416227524, 0.19512607741131233, 0.8333333333333334, 0.7437056165267915, 0.4583333333333333, 0.42857142857142855]","[38, 9, 41, 37, 22, 21]"
"[44226877.0, 3257377.86, 213.0, 110390.0, 361.0, 148.0]","[0.778777847208995, 0.299553372354968, 0.6666666666666666, 0.6981923821820529, 0.3333333333333333, 0.3333333333333333]","[38, 14, 33, 34, 16, 16]"
"[44242653.0, 3636019.24, 213.0, 110349.0, 363.0, 150.0]","[0.7793635942053523, 0.3753218959885741, 0.6666666666666666, 0.6849580374435119, 0.4166666666666667, 0.42857142857142855]","[38, 18, 33, 34, 20, 21]"
"[44243986.0, 3182948.3, 212.0, 110161.0, 363.0, 151.0]","[0.779413087153257, 0.28465954887508604, 0.5, 0.6242737249838606, 0.4166666666666667, 0.47619047619047616]","[38, 14, 25, 31, 20, 23]"
"[44257670.0, 2677967.89, 214.0, 110498.0, 364.0, 150.0]","[0.7799211602958884, 0.18360979005159714, 0.8333333333333334, 0.7330535829567463, 0.4583333333333333, 0.42857142857142855]","[38, 9, 41, 36, 22, 21]"
"[44285810.0, 2941393.7, 213.0, 110818.0, 363.0, 150.0]","[0.7809659701638837, 0.23632295286197672, 0.6666666666666666, 0.8363460296965785, 0.4166666666666667, 0.42857142857142855]","[39, 11, 33, 41, 20, 21]"
"[44318504.0, 3557000.69, 212.0, 110482.0, 362.0, 150.0]","[0.7821798654668061, 0.3595097867226288, 0.5, 0.7278889606197547, 0.375, 0.42857142857142855]","[39, 17, 25, 36, 18, 21]"
"[44375804.0, 6440653.74, 212.0, 110451.0, 357.0, 144.0]","[0.7843073567758371, 0.9365469142284631, 0.5, 0.7178825048418335, 0.16666666666666666, 0.14285714285714285]","[39, 46, 25, 35, 8, 7]"
"[44389918.0, 4162627.35, 210.0, 109233.0, 363.0, 153.0]","[0.7848313953855345, 0.4806994937254711, 0.16666666666666666, 0.3247256294383473, 0.4166666666666667, 0.5714285714285714]","[39, 24, 8, 16, 20, 28]"
"[44432929.0, 3542728.38, 214.0, 110388.0, 363.0, 149.0]","[0.7864283505110621, 0.3566538076493929, 0.8333333333333334, 0.697546804389929, 0.4166666666666667, 0.38095238095238093]","[39, 17, 41, 34, 20, 19]"
"[44441552.0, 3055476.98, 212.0, 109387.0, 366.0, 154.0]","[0.7867485138192256, 0.2591517353285927, 0.5, 0.37443511943189156, 0.5416666666666666, 0.6190476190476191]","[39, 12, 25, 18, 27, 30]"
"[44467905.0, 3543988.97, 214.0, 110388.0, 363.0, 149.0]","[0.7877269741764139, 0.3569060596436343, 0.8333333333333334, 0.697546804389929, 0.4166666666666667, 0.38095238095238093]","[39, 17, 41, 34, 20, 19]"
"[44479533.0, 4491046.43, 213.0, 111005.0, 359.0, 145.0]","[0.7881587101090738, 0.5464182189865799, 0.6666666666666666, 0.8967075532601678, 0.25, 0.19047619047619047]","[39, 27, 33, 44, 12, 9]"
"[44490270.0, 6445717.94, 212.0, 110448.0, 357.0, 144.0]","[0.7885573641088132, 0.9375602925269081, 0.5, 0.7169141381536475, 0.16666666666666666, 0.14285714285714285]","[39, 46, 25, 35, 8, 7]"
"[44505022.0, 4162627.35, 210.0, 109221.0, 363.0, 153.0]","[0.7891050910161574, 0.4806994937254711, 0.16666666666666666, 0.3208521626856036, 0.4166666666666667, 0.5714285714285714]","[39, 24, 8, 16, 20, 28]"
"[44511409.0, 3203415.3, 212.0, 110148.0, 362.0, 150.0]","[0.7893422338955777, 0.2887551244120467, 0.5, 0.6200774693350549, 0.375, 0.42857142857142855]","[39, 14, 25, 31, 18, 21]"
"[44518017.0, 4456041.14, 212.0, 110459.0, 360.0, 148.0]","[0.78958758228249, 0.5394134401040758, 0.5, 0.7204648160103292, 0.2916666666666667, 0.3333333333333333]","[39, 26, 25, 36, 14, 16]"
"[44556656.0, 3055476.98, 212.0, 109375.0, 366.0, 154.0]","[0.7910222094498486, 0.2591517353285927, 0.5, 0.3705616526791478, 0.5416666666666666, 0.6190476190476191]","[39, 12, 25, 18, 27, 30]"
